mysql> select * from student;
+----+-------+------+
| id | name  | age  |
+----+-------+------+
|  1 | Rahul |   16 |
+----+-------+------+
1 row in set (0.00 sec)


mysql> select * from profiles;
+----+-------------+------------+------------+
| id | address     | phone      | student_id |
+----+-------------+------------+------------+
|  1 | Pune, India | 9876543210 |          1 |
+----+-------------+------------+------------+
1 row in set (0.00 sec)